Your Question,Answer,timestamp
What are common credit card complaints?,"Based on the complaint excerpts provided, common credit card complaints mentioned by customers include:

* Difficulty in resolving issues with credit cards (Excerpts 1 and 2)
* Disputes over account closures and reporting errors (Excerpts 3 and 4)
* Poor customer service from credit card issuers (Excerpt 1)
* Inaccurate or false information on credit reports (Excerpt 3)

Customers express frustration with the lack of understanding from credit card issuers, particularly in resolving disputes over account closures and reporting errors. They also mention poor customer service and inaccurate information on their credit reports.

Specifically, complaints are filed against Bank of America regarding issues with a particular credit card product, including a dispute over an account closure and incorrect reporting on credit reports.",2026-01-15 13:41:20.367948
